{
  "ori_ocr_text": "Enhance",
  "ocr": "Enlence.",
  "result_list": [
    [
      "Enhancement",
      " matches the caption describing the enhancement network"
    ],
    [
      "Enhance",
      " similar to 'Enhancement' and fits the context"
    ],
    [
      "Enhancer",
      " possible alternative term for a network that improves features"
    ]
  ],
  "edit_dis": {
    "ocr": 3,
    "top_1_guess": 4,
    "top_3_guess": 0,
    "top_1_reason": 49,
    "top_3_reason": 39
  },
  "bleu_score": {
    "ocr": 0,
    "top_1_guess": 0,
    "top_3_guess": 1.821831989445342e-231,
    "top_1_reason": 0,
    "top_3_reason": 0
  },
  "Bert_sim": {
    "ocr": 0.49303847551345825,
    "top_1_guess": 0.7493253350257874,
    "top_3_guess": 0.9999998807907104,
    "top_1_reason": 0.3945406377315521,
    "top_3_reason": 0.40020206570625305
  }
}