{
  "ori_ocr_text": "Fbank",
  "ocr": "Fbank.",
  "result_list": [
    [
      "log Fbank",
      " it is consistent with the caption and other parts of the figure"
    ],
    [
      "Fbank feature",
      " assuming a possible shorthand for Fbank feature extraction"
    ],
    [
      "Fbank extraction",
      " considering the process being depicted is the extraction of Fbank features"
    ]
  ],
  "edit_dis": {
    "ocr": 1,
    "top_1_guess": 4,
    "top_3_guess": 4,
    "top_1_reason": 62,
    "top_3_reason": 54
  },
  "bleu_score": {
    "ocr": 0,
    "top_1_guess": 1.5319719891192393e-231,
    "top_3_guess": 1.5319719891192393e-231,
    "top_1_reason": 0,
    "top_3_reason": 1.0832677820940877e-231
  },
  "Bert_sim": {
    "ocr": 0.713395357131958,
    "top_1_guess": 0.7530356645584106,
    "top_3_guess": 0.7530356645584106,
    "top_1_reason": 0.3132302165031433,
    "top_3_reason": 0.47901445627212524
  }
}