{
  "ori_ocr_text": "Hidden Layer",
  "ocr": "loa|dy Paper",
  "result_list": [
    [
      "Global Position",
      " likely a label for a type of data or unit related to the overall positioning or scope of the model"
    ],
    [
      "Policy Paper",
      " could be a placeholder or watermark indicating the nature of the document or the source"
    ],
    [
      "Global Mapper",
      " might be a misinterpreted text but suggesting a unit related to mapping or spatial distribution within the model"
    ]
  ],
  "edit_dis": {
    "ocr": 8,
    "top_1_guess": 14,
    "top_3_guess": 8,
    "top_1_reason": 92,
    "top_3_reason": 80
  },
  "bleu_score": {
    "ocr": 0,
    "top_1_guess": 0,
    "top_3_guess": 0,
    "top_1_reason": 0,
    "top_3_reason": 0
  },
  "Bert_sim": {
    "ocr": 0.4606381952762604,
    "top_1_guess": 0.6111366748809814,
    "top_3_guess": 0.6111366748809814,
    "top_1_reason": 0.3648850619792938,
    "top_3_reason": 0.3733913004398346
  }
}