{
  "ori_ocr_text": "Context (factor)",
  "ocr": "Cenrca actiurrv.",
  "result_list": [
    [
      "context unit",
      " the text represents the element controlling interactions between hidden and visible units"
    ],
    [
      "control unit",
      " the text is likely to indicate the component used for modulating the factors in the model"
    ],
    [
      "context feature",
      " the text could refer to the real-valued features that gate interactions as mentioned in the paper"
    ]
  ],
  "edit_dis": {
    "ocr": 12,
    "top_1_guess": 8,
    "top_3_guess": 6,
    "top_1_reason": 81,
    "top_3_reason": 78
  },
  "bleu_score": {
    "ocr": 0,
    "top_1_guess": 0,
    "top_3_guess": 0,
    "top_1_reason": 0,
    "top_3_reason": 0
  },
  "Bert_sim": {
    "ocr": 0.3675537407398224,
    "top_1_guess": 0.6576705574989319,
    "top_3_guess": 0.6576705574989319,
    "top_1_reason": 0.42807480692863464,
    "top_3_reason": 0.428264856338501
  }
}