{
  "ori_ocr_text": "2/9 4/9 3/9",
  "ocr": "\\(13/0/29\\)",
  "result_list": [
    [
      "Constraints with Label Proportions",
      "The context discusses constrained optimization aligning with exact label proportions"
    ],
    [
      "Costs with Label Proportions",
      "The section above the circle deals with ordinary LLP training which may involve cost functions related to label proportions"
    ],
    [
      "Labels with Label Proportions",
      "Labels and their proportions are a central theme in the text; this may relate to assigning or maintaining labels according to given proportions"
    ]
  ],
  "edit_dis": {
    "ocr": 11,
    "top_1_guess": 32,
    "top_3_guess": 26,
    "top_1_reason": 82,
    "top_3_reason": 82
  },
  "bleu_score": {
    "ocr": 0,
    "top_1_guess": 0,
    "top_3_guess": 0,
    "top_1_reason": 0,
    "top_3_reason": 0
  },
  "Bert_sim": {
    "ocr": 0.5185641050338745,
    "top_1_guess": 0.3225497305393219,
    "top_3_guess": 0.3225497305393219,
    "top_1_reason": 0.303663045167923,
    "top_3_reason": 0.303663045167923
  }
}