{
  "ori_ocr_text": "3/9 2/9 4/9",
  "ocr": "Cotcstnraifs Svith Labol Proportions",
  "result_list": [
    [
      "constraints with label proportions",
      "placement in diagram suggests a relationship with label proportions"
    ],
    [
      "ordinary LLP training",
      "neighboring text implies ordinary learning with label proportions"
    ],
    [
      "optimal transport",
      "text near the circle hints at mathematically-driven process within training stage"
    ]
  ],
  "edit_dis": {
    "ocr": 34,
    "top_1_guess": 32,
    "top_3_guess": 16,
    "top_1_reason": 65,
    "top_3_reason": 63
  },
  "bleu_score": {
    "ocr": 0,
    "top_1_guess": 0,
    "top_3_guess": 0,
    "top_1_reason": 0,
    "top_3_reason": 0
  },
  "Bert_sim": {
    "ocr": 0.3525007367134094,
    "top_1_guess": 0.32029473781585693,
    "top_3_guess": 0.32029473781585693,
    "top_1_reason": 0.29044654965400696,
    "top_3_reason": 0.30069008469581604
  }
}