{
  "ori_ocr_text": "Input data",
  "ocr": "Input data",
  "result_list": [
    [
      "Feature vectors",
      " it represents the output states of the sub-QNN as feature vectors"
    ],
    [
      "Quantum states",
      " since the text describes quantum states living in the Hilbert space"
    ],
    [
      "SubQNN outputs",
      " based on the text describing the output states of the sub-QNN"
    ]
  ],
  "edit_dis": {
    "ocr": 0,
    "top_1_guess": 12,
    "top_3_guess": 9,
    "top_1_reason": 58,
    "top_3_reason": 55
  },
  "bleu_score": {
    "ocr": 1.491668146240062e-154,
    "top_1_guess": 0,
    "top_3_guess": 0,
    "top_1_reason": 0,
    "top_3_reason": 0
  },
  "Bert_sim": {
    "ocr": 1.0000001192092896,
    "top_1_guess": 0.5691304802894592,
    "top_3_guess": 0.5691304802894592,
    "top_1_reason": 0.4457842707633972,
    "top_3_reason": 0.4457842707633972
  }
}