{
  "ori_ocr_text": "Capsule layers",
  "ocr": "Capsule layers",
  "result_list": [
    [
      "Capsule components",
      " The text likely describes the contents of the capsules, possibly the qubits or sub-quantum neural networks"
    ],
    [
      "Feature extraction",
      " The term may refer to the process taking place within the capsule layers"
    ],
    [
      "Entity representation",
      " Referring to how different capsules represent different entities like ears, eyes, mouth in the example given"
    ]
  ],
  "edit_dis": {
    "ocr": 0,
    "top_1_guess": 8,
    "top_3_guess": 8,
    "top_1_reason": 95,
    "top_3_reason": 60
  },
  "bleu_score": {
    "ocr": 1.491668146240062e-154,
    "top_1_guess": 1.5319719891192393e-231,
    "top_3_guess": 1.5319719891192393e-231,
    "top_1_reason": 0,
    "top_3_reason": 9.594503055152632e-232
  },
  "Bert_sim": {
    "ocr": 1.0000001192092896,
    "top_1_guess": 0.8716505765914917,
    "top_3_guess": 0.8716505765914917,
    "top_1_reason": 0.4774569869041443,
    "top_3_reason": 0.5351923704147339
  }
}