{
  "ori_ocr_text": "Knowledge Base (KB)",
  "ocr": "Bitctbnerr;je Paper(j(j)",
  "result_list": [
    [
      "Natural Language Generation",
      " text similar to other labeled components"
    ],
    [
      "Dialog Management System",
      " related to dialog system architecture"
    ],
    [
      "Knowledge Base",
      " common component in dialog systems"
    ]
  ],
  "edit_dis": {
    "ocr": 17,
    "top_1_guess": 22,
    "top_3_guess": 5,
    "top_1_reason": 35,
    "top_3_reason": 29
  },
  "bleu_score": {
    "ocr": 0,
    "top_1_guess": 0,
    "top_3_guess": 9.047424648113057e-155,
    "top_1_reason": 0,
    "top_3_reason": 0
  },
  "Bert_sim": {
    "ocr": 0.4891315996646881,
    "top_1_guess": 0.4386778473854065,
    "top_3_guess": 0.6831880807876587,
    "top_1_reason": 0.3995705544948578,
    "top_3_reason": 0.4309841990470886
  }
}