{
  "ori_ocr_text": "Policy Network",
  "ocr": "Paire Ndenials",
  "result_list": [
    [
      "Policy Network",
      " refers to the component responsible for selecting regions to focus on"
    ],
    [
      "Patch Selection",
      " implies the function within the pipeline that chooses specific areas of the frame"
    ],
    [
      "Feature Attention",
      " suggests the process of highlighting important features within a region"
    ]
  ],
  "edit_dis": {
    "ocr": 10,
    "top_1_guess": 0,
    "top_3_guess": 0,
    "top_1_reason": 63,
    "top_3_reason": 63
  },
  "bleu_score": {
    "ocr": 0,
    "top_1_guess": 1.491668146240062e-154,
    "top_3_guess": 1.491668146240062e-154,
    "top_1_reason": 0,
    "top_3_reason": 0
  },
  "Bert_sim": {
    "ocr": 0.3381325900554657,
    "top_1_guess": 0.9999998807907104,
    "top_3_guess": 0.9999998807907104,
    "top_1_reason": 0.37181711196899414,
    "top_3_reason": 0.3861325681209564
  }
}