{
  "ori_ocr_text": "Cumulative Probabilities 1.0 0.8 0.6 0.4 0.2",
  "ocr": "Cumulrtive Prcabmlity",
  "result_list": [
    [
      "Cumulative Probability",
      " The y-axis represents the probability cumulatively as indicated by the shape of the graph which is typical for a cumulative distribution function"
    ],
    [
      "Confidence Level",
      " In statistical graphs, cumulative probability can sometimes relate to confidence level which is a similar concept"
    ],
    [
      "Percentile",
      " Cumulative distributions often represent percentiles which indicate the proportion of data below a certain value"
    ]
  ],
  "edit_dis": {
    "ocr": 27,
    "top_1_guess": 23,
    "top_3_guess": 23,
    "top_1_reason": 125,
    "top_3_reason": 87
  },
  "bleu_score": {
    "ocr": 0,
    "top_1_guess": 1.2575191861870427e-232,
    "top_3_guess": 1.2575191861870427e-232,
    "top_1_reason": 0,
    "top_3_reason": 9.257324954728539e-232
  },
  "Bert_sim": {
    "ocr": 0.3352676033973694,
    "top_1_guess": 0.4287014603614807,
    "top_3_guess": 0.4287014603614807,
    "top_1_reason": 0.34221717715263367,
    "top_3_reason": 0.3640049397945404
  }
}