{
  "ori_ocr_text": "collaboration strategy",
  "ocr": "stvatety",
  "result_list": [
    [
      "collaboration strategy",
      " it is at the center connecting two processes"
    ],
    [
      "synchronization mechanism",
      " it could refer to the method used to sync the two parallel processes"
    ],
    [
      "asynchronous strategy",
      " as mentioned in caption, it indicates the nature of the collaboration strategy"
    ]
  ],
  "edit_dis": {
    "ocr": 16,
    "top_1_guess": 0,
    "top_3_guess": 0,
    "top_1_reason": 38,
    "top_3_reason": 38
  },
  "bleu_score": {
    "ocr": 0,
    "top_1_guess": 1.491668146240062e-154,
    "top_3_guess": 1.491668146240062e-154,
    "top_1_reason": 0,
    "top_3_reason": 5.233427736988301e-155
  },
  "Bert_sim": {
    "ocr": 0.4759026765823364,
    "top_1_guess": 0.9999999403953552,
    "top_3_guess": 0.9999999403953552,
    "top_1_reason": 0.43949002027511597,
    "top_3_reason": 0.5360700488090515
  }
}