{
  "ori_ocr_text": "Probabilities",
  "ocr": "Riponpifies.",
  "result_list": [
    [
      "Output",
      " is often the final component in a diagram depicting data flow"
    ],
    [
      "Results",
      " generally used to denote the outcomes or conclusions of a process"
    ],
    [
      "Predictions",
      " commonly used when the model outputs are based on inference from input data"
    ]
  ],
  "edit_dis": {
    "ocr": 10,
    "top_1_guess": 12,
    "top_3_guess": 8,
    "top_1_reason": 56,
    "top_3_reason": 56
  },
  "bleu_score": {
    "ocr": 0,
    "top_1_guess": 0,
    "top_3_guess": 0,
    "top_1_reason": 0,
    "top_3_reason": 0
  },
  "Bert_sim": {
    "ocr": 0.4380898177623749,
    "top_1_guess": 0.4118693768978119,
    "top_3_guess": 0.4284224212169647,
    "top_1_reason": 0.3547510504722595,
    "top_3_reason": 0.3777526319026947
  }
}