{
  "ori_ocr_text": "FlowNet",
  "ocr": "Howines",
  "result_list": [
    [
      "Convolutional Layer",
      " likely labeling a type of network layer shown in this step of the architecture"
    ],
    [
      "Feature Maps",
      " suggesting the output from the network layer could be feature maps"
    ],
    [
      "Filters",
      " might indicate the use of filters in this stage of the network"
    ]
  ],
  "edit_dis": {
    "ocr": 5,
    "top_1_guess": 16,
    "top_3_guess": 6,
    "top_1_reason": 74,
    "top_3_reason": 59
  },
  "bleu_score": {
    "ocr": 0,
    "top_1_guess": 0,
    "top_3_guess": 0,
    "top_1_reason": 0,
    "top_3_reason": 0
  },
  "Bert_sim": {
    "ocr": 0.47395867109298706,
    "top_1_guess": 0.4186229705810547,
    "top_3_guess": 0.5280037522315979,
    "top_1_reason": 0.39552247524261475,
    "top_3_reason": 0.4295547902584076
  }
}