{
  "ori_ocr_text": "Gradient SmoothGrad Gradient",
  "ocr": "Gradunt Smoothhcad",
  "result_list": [
    [
      "Gradient SmoothGrad",
      " it is a combination of Gradient and SmoothGrad methods likely discussed in the text"
    ],
    [
      "Grad SmoothGrad",
      " a potential shorthand for Gradient SmoothGrad within the paper"
    ],
    [
      "Gradient\u2299SmoothGrad",
      " combining the symbols for element-wise multiplication and SmoothGrad as in the text"
    ]
  ],
  "edit_dis": {
    "ocr": 13,
    "top_1_guess": 9,
    "top_3_guess": 9,
    "top_1_reason": 59,
    "top_3_reason": 41
  },
  "bleu_score": {
    "ocr": 0,
    "top_1_guess": 9.047424648113057e-155,
    "top_3_guess": 9.047424648113057e-155,
    "top_1_reason": 1.1200407237786664e-231,
    "top_3_reason": 6.08970970641905e-155
  },
  "Bert_sim": {
    "ocr": 0.4801290035247803,
    "top_1_guess": 0.7098395228385925,
    "top_3_guess": 0.7098395228385925,
    "top_1_reason": 0.53468918800354,
    "top_3_reason": 0.5682447552680969
  }
}