{
  "ori_ocr_text": "Gray Scale",
  "ocr": "Gray Scale.",
  "result_list": [
    [
      "Gradient \u2299 Input",
      " the diagram likely shows visualizations generated by this method based on the caption"
    ],
    [
      "Guided Backpropagation",
      " the method is discussed in the paper and the text seems to imply a relation to visualization methods"
    ],
    [
      "Integrated Gradients",
      " the term closely relates to visual explanation techniques mentioned in the passage and could be relevant to the diagram"
    ]
  ],
  "edit_dis": {
    "ocr": 1,
    "top_1_guess": 12,
    "top_3_guess": 12,
    "top_1_reason": 79,
    "top_3_reason": 79
  },
  "bleu_score": {
    "ocr": 1.5319719891192393e-231,
    "top_1_guess": 0,
    "top_3_guess": 0,
    "top_1_reason": 0,
    "top_3_reason": 0
  },
  "Bert_sim": {
    "ocr": 0.6876845359802246,
    "top_1_guess": 0.41443780064582825,
    "top_3_guess": 0.4235430359840393,
    "top_1_reason": 0.3272897005081177,
    "top_3_reason": 0.35936516523361206
  }
}