{
  "ori_ocr_text": "Occluded Image",
  "ocr": "Omitt Arter",
  "result_list": [
    [
      "Processed Image",
      " alluding to the result after applying ROGUE's pipelines"
    ],
    [
      "Guidance Image",
      " signifying the input image or the reference for reconstruction"
    ],
    [
      "Integrated Face",
      " referring to the final reconstructed face integrating information from both the processed and guidance images"
    ]
  ],
  "edit_dis": {
    "ocr": 12,
    "top_1_guess": 6,
    "top_3_guess": 6,
    "top_1_reason": 48,
    "top_3_reason": 48
  },
  "bleu_score": {
    "ocr": 0,
    "top_1_guess": 1.5319719891192393e-231,
    "top_3_guess": 1.5319719891192393e-231,
    "top_1_reason": 0,
    "top_3_reason": 0
  },
  "Bert_sim": {
    "ocr": 0.4439714848995209,
    "top_1_guess": 0.6230449676513672,
    "top_3_guess": 0.6230449676513672,
    "top_1_reason": 0.41530641913414,
    "top_3_reason": 0.4509316384792328
  }
}