{
  "ori_ocr_text": "Noisy image",
  "ocr": "Verfejsbss",
  "result_list": [
    [
      "Feature-Level Converter",
      " the flowchart shows a process involving images and possibly feature conversion or transformation"
    ],
    [
      "Feature-Level Connector",
      " the context suggests a connection between features derived from processes like face recognition or computer vision"
    ],
    [
      "Feature-Level Correlator",
      " the diagram implies a relationship or correlation between features which could be depicted in a transformation or comparison step in the pipeline"
    ]
  ],
  "edit_dis": {
    "ocr": 11,
    "top_1_guess": 21,
    "top_3_guess": 21,
    "top_1_reason": 89,
    "top_3_reason": 89
  },
  "bleu_score": {
    "ocr": 0,
    "top_1_guess": 0,
    "top_3_guess": 0,
    "top_1_reason": 0,
    "top_3_reason": 0
  },
  "Bert_sim": {
    "ocr": 0.41791531443595886,
    "top_1_guess": 0.4575912058353424,
    "top_3_guess": 0.4575912058353424,
    "top_1_reason": 0.46427175402641296,
    "top_3_reason": 0.46427175402641296
  }
}