{
  "ori_ocr_text": "Identity",
  "ocr": "Menthd",
  "result_list": [
    [
      "Method",
      " commonly used heading for describing the process in academic papers"
    ],
    [
      "Prediction",
      " describes the result from the process"
    ],
    [
      "Implementation",
      " describes how the method is realized in practice"
    ]
  ],
  "edit_dis": {
    "ocr": 5,
    "top_1_guess": 6,
    "top_3_guess": 6,
    "top_1_reason": 63,
    "top_3_reason": 34
  },
  "bleu_score": {
    "ocr": 0,
    "top_1_guess": 0,
    "top_3_guess": 0,
    "top_1_reason": 0,
    "top_3_reason": 0
  },
  "Bert_sim": {
    "ocr": 0.4850039780139923,
    "top_1_guess": 0.7431827187538147,
    "top_3_guess": 0.7431827187538147,
    "top_1_reason": 0.3709923028945923,
    "top_3_reason": 0.4806934893131256
  }
}