{
  "ori_ocr_text": "Policy Network",
  "ocr": "Pajcr Nemtoe",
  "result_list": [
    [
      "Policy Network",
      " reason: based on the description of the components in the method, it mentions the policy network (\u03c0) after the Global CNN"
    ],
    [
      "Local CNN f_L",
      " reason: the diagram seems to illustrate the flow from the Global CNN to the selection of patches, which would then feed into the Local CNN according to the method overview"
    ],
    [
      "Image Patch",
      " reason: the diagram shows an image patch being processed which is one of the steps described in the method"
    ]
  ],
  "edit_dis": {
    "ocr": 8,
    "top_1_guess": 0,
    "top_3_guess": 0,
    "top_1_reason": 110,
    "top_3_reason": 99
  },
  "bleu_score": {
    "ocr": 0,
    "top_1_guess": 1.491668146240062e-154,
    "top_3_guess": 1.491668146240062e-154,
    "top_1_reason": 0,
    "top_3_reason": 0
  },
  "Bert_sim": {
    "ocr": 0.39444032311439514,
    "top_1_guess": 0.9999998807907104,
    "top_3_guess": 0.9999998807907104,
    "top_1_reason": 0.4809775948524475,
    "top_3_reason": 0.4809775948524475
  }
}