{
  "ori_ocr_text": "Full video Single Action",
  "ocr": "Pull video Stngie Acnion.",
  "result_list": [
    [
      "Full Video Single Action",
      " the text is likely a header describing that the full video encodes a single action"
    ],
    [
      "Full Video Single Activity",
      " it's possible the correct term in the context might be 'activity' instead of 'action'"
    ],
    [
      "Full Video Sequence Action",
      " considering 'Sequence' might be used to indicate a series of frames representing an action"
    ]
  ],
  "edit_dis": {
    "ocr": 5,
    "top_1_guess": 1,
    "top_3_guess": 1,
    "top_1_reason": 62,
    "top_3_reason": 62
  },
  "bleu_score": {
    "ocr": 1.2882297539194154e-231,
    "top_1_guess": 1.0547686614863434e-154,
    "top_3_guess": 1.0547686614863434e-154,
    "top_1_reason": 9.257324954728539e-232,
    "top_3_reason": 9.257324954728539e-232
  },
  "Bert_sim": {
    "ocr": 0.5038180351257324,
    "top_1_guess": 1.0,
    "top_3_guess": 1.0,
    "top_1_reason": 0.4858063757419586,
    "top_3_reason": 0.4858063757419586
  }
}