{
  "ori_ocr_text": "Context (factor)",
  "ocr": "Context (factor)",
  "result_list": [
    [
      "Context unit",
      " the diagram shows the architecture of FCRBM with a central unit that interacts with other units"
    ],
    [
      "Control unit",
      " as the central node it might be controlling the flow or characteristics of the movement"
    ],
    [
      "Feature unit",
      " since the text mentions stylistic features, this could be a term for the central unit interacting with styles of movements"
    ]
  ],
  "edit_dis": {
    "ocr": 0,
    "top_1_guess": 7,
    "top_3_guess": 7,
    "top_1_reason": 85,
    "top_3_reason": 78
  },
  "bleu_score": {
    "ocr": 1.491668146240062e-154,
    "top_1_guess": 1.5319719891192393e-231,
    "top_3_guess": 1.5319719891192393e-231,
    "top_1_reason": 0,
    "top_3_reason": 0
  },
  "Bert_sim": {
    "ocr": 1.0,
    "top_1_guess": 0.6576705574989319,
    "top_3_guess": 0.6576705574989319,
    "top_1_reason": 0.3800472021102905,
    "top_3_reason": 0.3856162428855896
  }
}