{
  "ori_ocr_text": "Output/Visible Layer",
  "ocr": "Outoutys/ghle Layer",
  "result_list": [
    [
      "Output Layer",
      " common term for the final layer in neural network architectures"
    ],
    [
      "Output Nodes",
      " refers to the individual elements within the output layer"
    ],
    [
      "Outputs",
      " generically referring to the data resulting from the final processing layer"
    ]
  ],
  "edit_dis": {
    "ocr": 7,
    "top_1_guess": 8,
    "top_3_guess": 8,
    "top_1_reason": 55,
    "top_3_reason": 47
  },
  "bleu_score": {
    "ocr": 1.5319719891192393e-231,
    "top_1_guess": 1.5319719891192393e-231,
    "top_3_guess": 1.5319719891192393e-231,
    "top_1_reason": 0,
    "top_3_reason": 0
  },
  "Bert_sim": {
    "ocr": 0.556915819644928,
    "top_1_guess": 0.7847996950149536,
    "top_3_guess": 0.7847996950149536,
    "top_1_reason": 0.4239971339702606,
    "top_3_reason": 0.5313198566436768
  }
}