{
  "ori_ocr_text": "Optimal Transport",
  "ocr": "Sacand Stage",
  "result_list": [
    [
      "Optimal Transport",
      " it is part of the two-stage LLP framework named in the figure"
    ],
    [
      "Second Stage",
      " referring to the stage of the framework where this component is applied"
    ],
    [
      "Label Adjustment",
      " since optimal transport might be used for adjusting pseudo labels to better fit true label distributions"
    ]
  ],
  "edit_dis": {
    "ocr": 15,
    "top_1_guess": 0,
    "top_3_guess": 0,
    "top_1_reason": 53,
    "top_3_reason": 53
  },
  "bleu_score": {
    "ocr": 0,
    "top_1_guess": 1.491668146240062e-154,
    "top_3_guess": 1.491668146240062e-154,
    "top_1_reason": 0,
    "top_3_reason": 0
  },
  "Bert_sim": {
    "ocr": 0.3589513599872589,
    "top_1_guess": 1.0,
    "top_3_guess": 1.0,
    "top_1_reason": 0.3522123694419861,
    "top_3_reason": 0.5590493679046631
  }
}