{
  "ori_ocr_text": "3/9 2/9 4/9",
  "ocr": "Sacond Stage",
  "result_list": [
    [
      "Constraints with Label Proportions",
      " text matches the context of LLP training and depicted proportions"
    ],
    [
      "Optimal Transport",
      " mentioned in the paper and fits the logical flow from LLF training to NN predictions"
    ],
    [
      "Predictions with NN Parameters",
      " consistent with the diagram's flow and terminology used in the paper"
    ]
  ],
  "edit_dis": {
    "ocr": 12,
    "top_1_guess": 32,
    "top_3_guess": 16,
    "top_1_reason": 64,
    "top_3_reason": 64
  },
  "bleu_score": {
    "ocr": 0,
    "top_1_guess": 0,
    "top_3_guess": 0,
    "top_1_reason": 0,
    "top_3_reason": 0
  },
  "Bert_sim": {
    "ocr": 0.24925994873046875,
    "top_1_guess": 0.32029473781585693,
    "top_3_guess": 0.32029473781585693,
    "top_1_reason": 0.29092612862586975,
    "top_3_reason": 0.29683777689933777
  }
}