{
  "ori_ocr_text": "FlowNet",
  "ocr": "FlewNet.",
  "result_list": [
    [
      "FlowNet",
      " This is a common neural network architecture used for optical flow estimation"
    ],
    [
      "Feature Extractor",
      " Typically in such diagrams, modules like these handle feature extraction tasks"
    ],
    [
      "Data Preprocessing",
      " The circle is at the stage where data might be preprocessed before further analysis"
    ]
  ],
  "edit_dis": {
    "ocr": 2,
    "top_1_guess": 0,
    "top_3_guess": 0,
    "top_1_reason": 73,
    "top_3_reason": 73
  },
  "bleu_score": {
    "ocr": 0,
    "top_1_guess": 1.821831989445342e-231,
    "top_3_guess": 1.821831989445342e-231,
    "top_1_reason": 0,
    "top_3_reason": 0
  },
  "Bert_sim": {
    "ocr": 0.6766310334205627,
    "top_1_guess": 0.9999999403953552,
    "top_3_guess": 0.9999999403953552,
    "top_1_reason": 0.35080385208129883,
    "top_3_reason": 0.3726596236228943
  }
}