{
  "ori_ocr_text": "rgbFlow processing",
  "ocr": "rgqflow",
  "result_list": [
    [
      "feature processing",
      " it is a common term related to handling feature data in machine learning models"
    ],
    [
      "data processing",
      " it is a generic term for operations on data within a network architecture"
    ],
    [
      "flow processing",
      " related to the processing of motion or optical flow information, as suggested by the context"
    ]
  ],
  "edit_dis": {
    "ocr": 13,
    "top_1_guess": 7,
    "top_3_guess": 4,
    "top_1_reason": 70,
    "top_3_reason": 66
  },
  "bleu_score": {
    "ocr": 0,
    "top_1_guess": 1.5319719891192393e-231,
    "top_3_guess": 1.5319719891192393e-231,
    "top_1_reason": 0,
    "top_3_reason": 9.257324954728539e-232
  },
  "Bert_sim": {
    "ocr": 0.642061173915863,
    "top_1_guess": 0.6542537808418274,
    "top_3_guess": 0.7183126211166382,
    "top_1_reason": 0.41180258989334106,
    "top_3_reason": 0.44157931208610535
  }
}