{
  "ori_ocr_text": "Resizer Model",
  "ocr": "Reziter Made",
  "result_list": [
    [
      "Resizer Model",
      " the logical item that would be placed in the context"
    ],
    [
      "Image Resizer",
      " synonymous term with the described model"
    ],
    [
      "Scaling Module",
      " considering it enables down-scaling of images"
    ]
  ],
  "edit_dis": {
    "ocr": 4,
    "top_1_guess": 0,
    "top_3_guess": 0,
    "top_1_reason": 45,
    "top_3_reason": 32
  },
  "bleu_score": {
    "ocr": 0,
    "top_1_guess": 1.491668146240062e-154,
    "top_3_guess": 1.491668146240062e-154,
    "top_1_reason": 0,
    "top_3_reason": 0
  },
  "Bert_sim": {
    "ocr": 0.4992273449897766,
    "top_1_guess": 0.9999999403953552,
    "top_3_guess": 0.9999999403953552,
    "top_1_reason": 0.42133352160453796,
    "top_3_reason": 0.47942546010017395
  }
}