{
  "ori_ocr_text": "Recognition Model",
  "ocr": "Recopniltion Model.",
  "result_list": [
    [
      "Recognition Model",
      " the context indicates the resizer is paired with a model for recognizing images"
    ],
    [
      "Classifier",
      " commonly used term for models that categorize or recognize images"
    ],
    [
      "Recognition Network",
      " since networks are often referred to in the context of machine learning and image recognition"
    ]
  ],
  "edit_dis": {
    "ocr": 3,
    "top_1_guess": 0,
    "top_3_guess": 0,
    "top_1_reason": 68,
    "top_3_reason": 57
  },
  "bleu_score": {
    "ocr": 0,
    "top_1_guess": 1.491668146240062e-154,
    "top_3_guess": 1.491668146240062e-154,
    "top_1_reason": 0,
    "top_3_reason": 0
  },
  "Bert_sim": {
    "ocr": 0.5236912965774536,
    "top_1_guess": 0.9999998807907104,
    "top_3_guess": 0.9999998807907104,
    "top_1_reason": 0.5119006037712097,
    "top_3_reason": 0.5119006037712097
  }
}