{
  "ori_ocr_text": "Gradient SmoothGrad Gradient",
  "ocr": "Fanotoat Bcthomianeed",
  "result_list": [
    [
      "Recenter",
      " Display method label"
    ],
    [
      "Backprop",
      " Related to backpropagation"
    ],
    [
      "Benchmark",
      " General term for evaluation standard"
    ]
  ],
  "edit_dis": {
    "ocr": 22,
    "top_1_guess": 24,
    "top_3_guess": 23,
    "top_1_reason": 20,
    "top_3_reason": 20
  },
  "bleu_score": {
    "ocr": 0,
    "top_1_guess": 0,
    "top_3_guess": 0,
    "top_1_reason": 0,
    "top_3_reason": 0
  },
  "Bert_sim": {
    "ocr": 0.40921953320503235,
    "top_1_guess": 0.40096116065979004,
    "top_3_guess": 0.5125692486763,
    "top_1_reason": 0.49490290880203247,
    "top_3_reason": 0.49490290880203247
  }
}