{
  "ori_ocr_text": "Natural Language Understanding (NLU)",
  "ocr": "Natural Uanguage Undorziranding (NLU)",
  "result_list": [
    [
      "Natural Language Understanding",
      " usual component name in dialog systems"
    ],
    [
      "Natural Understanding",
      " possible misinterpretation of \"Natural Language Understanding\""
    ],
    [
      "Natural Lang Understanding",
      " abbreviation of \"Natural Language Understanding\""
    ]
  ],
  "edit_dis": {
    "ocr": 5,
    "top_1_guess": 6,
    "top_3_guess": 6,
    "top_1_reason": 31,
    "top_3_reason": 24
  },
  "bleu_score": {
    "ocr": 1.5319719891192393e-231,
    "top_1_guess": 8.751273976943354e-78,
    "top_3_guess": 8.751273976943354e-78,
    "top_1_reason": 0,
    "top_3_reason": 1.2183324802375697e-231
  },
  "Bert_sim": {
    "ocr": 0.5516570806503296,
    "top_1_guess": 0.6301131248474121,
    "top_3_guess": 0.6301131248474121,
    "top_1_reason": 0.32558873295783997,
    "top_3_reason": 0.5966500043869019
  }
}