{
  "ori_ocr_text": "thread cache",
  "ocr": "thread cache.",
  "result_list": [
    [
      "thread-local cache",
      "term matches description of optimization in Blaze MapReduce"
    ],
    [
      "local thread cache",
      "close variation of the correct term"
    ],
    [
      "thread cache",
      "shorthand or abbreviated form of the correct term"
    ]
  ],
  "edit_dis": {
    "ocr": 1,
    "top_1_guess": 6,
    "top_3_guess": 0,
    "top_1_reason": 52,
    "top_3_reason": 29
  },
  "bleu_score": {
    "ocr": 1.5319719891192393e-231,
    "top_1_guess": 1.5319719891192393e-231,
    "top_3_guess": 1.491668146240062e-154,
    "top_1_reason": 0,
    "top_3_reason": 0
  },
  "Bert_sim": {
    "ocr": 0.7691045999526978,
    "top_1_guess": 0.7672080397605896,
    "top_3_guess": 1.0,
    "top_1_reason": 0.4581809937953949,
    "top_3_reason": 0.4581809937953949
  }
}