{
  "ori_ocr_text": "Reduce",
  "ocr": "reduce",
  "result_list": [
    [
      "Reduce",
      "It's the stage in Blaze MapReduce where data is locally reduced immediately after mapping, to optimize network usage."
    ],
    [
      "Local Reduction",
      "The context suggests an optimization where reduction is done locally, hence the red circle likely indicates where this process occurs."
    ],
    [
      "Eager Reduction",
      "Referring to the optimization technique itself where data reduction is done as soon as possible to improve efficiency."
    ]
  ],
  "edit_dis": {
    "ocr": 1,
    "top_1_guess": 0,
    "top_3_guess": 0,
    "top_1_reason": 111,
    "top_3_reason": 111
  },
  "bleu_score": {
    "ocr": 0,
    "top_1_guess": 1.821831989445342e-231,
    "top_3_guess": 1.821831989445342e-231,
    "top_1_reason": 0,
    "top_3_reason": 0
  },
  "Bert_sim": {
    "ocr": 1.0000001192092896,
    "top_1_guess": 1.0000001192092896,
    "top_3_guess": 1.0000001192092896,
    "top_1_reason": 0.3706176280975342,
    "top_3_reason": 0.3706176280975342
  }
}