{
  "ori_ocr_text": "Full video Single Action",
  "ocr": "Full video Single Action",
  "result_list": [
    [
      "Full video Single Action",
      " The process involves analyzing the full video to predict a single action based on observed video"
    ],
    [
      "Feature Summary Networking",
      " The term relates to the summarizing network mentioned in the text, which processes the full video"
    ],
    [
      "Future Video Projection",
      " The term suggests projecting information from the full video onto the future unseen video, as described in the documents"
    ]
  ],
  "edit_dis": {
    "ocr": 0,
    "top_1_guess": 0,
    "top_3_guess": 0,
    "top_1_reason": 76,
    "top_3_reason": 76
  },
  "bleu_score": {
    "ocr": 1.0,
    "top_1_guess": 1.0,
    "top_3_guess": 1.0,
    "top_1_reason": 9.109159947227211e-232,
    "top_3_reason": 9.109159947227211e-232
  },
  "Bert_sim": {
    "ocr": 1.0,
    "top_1_guess": 1.0,
    "top_3_guess": 1.0,
    "top_1_reason": 0.49032509326934814,
    "top_3_reason": 0.49032509326934814
  }
}