{
  "ori_ocr_text": "Q function",
  "ocr": "Cnrruotion narwnnc Papper",
  "result_list": [
    [
      "Fault Injection",
      " the text seems to be descriptive of an attack type on AV systems"
    ],
    [
      "Data Tampering",
      " as attacker\u2019s goal is faulty data injection it could relate to tampering with data"
    ],
    [
      "Sensor Spoofing",
      " referring to specific techniques of misleading AV sensors"
    ]
  ],
  "edit_dis": {
    "ocr": 21,
    "top_1_guess": 9,
    "top_3_guess": 9,
    "top_1_reason": 58,
    "top_3_reason": 51
  },
  "bleu_score": {
    "ocr": 0,
    "top_1_guess": 0,
    "top_3_guess": 0,
    "top_1_reason": 0,
    "top_3_reason": 0
  },
  "Bert_sim": {
    "ocr": 0.38805222511291504,
    "top_1_guess": 0.439252108335495,
    "top_3_guess": 0.439252108335495,
    "top_1_reason": 0.31368204951286316,
    "top_3_reason": 0.33429381251335144
  }
}