{
  "ori_ocr_text": "Q function",
  "ocr": "knnviotn knnvI,ix AV.",
  "result_list": [
    [
      "Input layer",
      " common in neural network diagrams"
    ],
    [
      "IXTN",
      " resembling the standard labeling of layers or data sources in the diagram"
    ],
    [
      "Interaction layer",
      " plausible in the context of DRL and AV control"
    ]
  ],
  "edit_dis": {
    "ocr": 18,
    "top_1_guess": 10,
    "top_3_guess": 10,
    "top_1_reason": 29,
    "top_3_reason": 29
  },
  "bleu_score": {
    "ocr": 0,
    "top_1_guess": 0,
    "top_3_guess": 0,
    "top_1_reason": 0,
    "top_3_reason": 0
  },
  "Bert_sim": {
    "ocr": 0.3505572974681854,
    "top_1_guess": 0.47202789783477783,
    "top_3_guess": 0.47202789783477783,
    "top_1_reason": 0.34023308753967285,
    "top_3_reason": 0.3449265658855438
  }
}