{
  "ori_ocr_text": "LSTM",
  "ocr": "IXI\\TN",
  "result_list": [
    [
      "Input",
      " the first circle is usually indicative of an input or initial state in a DNN architecture"
    ],
    [
      "Sensor Data",
      " since the architecture is for AV control, the input is likely related to sensory information"
    ],
    [
      "Attack",
      " given the adversarial context, it might represent the point where an attacker injects faulty data"
    ]
  ],
  "edit_dis": {
    "ocr": 5,
    "top_1_guess": 5,
    "top_3_guess": 5,
    "top_1_reason": 90,
    "top_3_reason": 90
  },
  "bleu_score": {
    "ocr": 0,
    "top_1_guess": 0,
    "top_3_guess": 0,
    "top_1_reason": 0,
    "top_3_reason": 0
  },
  "Bert_sim": {
    "ocr": 0.49475330114364624,
    "top_1_guess": 0.4853719174861908,
    "top_3_guess": 0.5233354568481445,
    "top_1_reason": 0.3743743300437927,
    "top_3_reason": 0.3743743300437927
  }
}