{
  "ori_ocr_text": "yes",
  "ocr": "1.69",
  "result_list": [
    [
      "New point",
      " reason is the flowchart suggests a step involving updating or moving to a new location or data point"
    ],
    [
      "Update point",
      " reason is the process described involves iterative updates and the context implies progression through steps"
    ],
    [
      "Next point",
      " reason is the sequence of the flowchart which typically goes from one step to the next, suggesting a move to another stage in the process"
    ]
  ],
  "edit_dis": {
    "ocr": 4,
    "top_1_guess": 8,
    "top_3_guess": 8,
    "top_1_reason": 99,
    "top_3_reason": 99
  },
  "bleu_score": {
    "ocr": 0,
    "top_1_guess": 0,
    "top_3_guess": 0,
    "top_1_reason": 0,
    "top_3_reason": 0
  },
  "Bert_sim": {
    "ocr": 0.35829535126686096,
    "top_1_guess": 0.3907237946987152,
    "top_3_guess": 0.3907237946987152,
    "top_1_reason": 0.29657578468322754,
    "top_3_reason": 0.3140333592891693
  }
}