{
  "ori_ocr_text": "Lgan",
  "ocr": "N 23h.",
  "result_list": [
    [
      "Noise Estimator",
      " it's situated where noise estimation would logically be in the system"
    ],
    [
      "Noise Filter",
      " considering its placement it might relate to filtering out noise"
    ],
    [
      "Enhancement Layer",
      " given it's connected to enhancement and ASR networks, it could represent an enhancement layer"
    ]
  ],
  "edit_dis": {
    "ocr": 6,
    "top_1_guess": 14,
    "top_3_guess": 12,
    "top_1_reason": 67,
    "top_3_reason": 62
  },
  "bleu_score": {
    "ocr": 0,
    "top_1_guess": 0,
    "top_3_guess": 0,
    "top_1_reason": 0,
    "top_3_reason": 0
  },
  "Bert_sim": {
    "ocr": 0.45642516016960144,
    "top_1_guess": 0.36452871561050415,
    "top_3_guess": 0.4772537052631378,
    "top_1_reason": 0.30858373641967773,
    "top_3_reason": 0.351841539144516
  }
}