{
  "ori_ocr_text": "MSE",
  "ocr": "M\u00e4fd",
  "result_list": [
    [
      "Masked",
      " because it seems to represent the 'Enhancement Network' and that term is associated with the concept of masking or filtering noise"
    ],
    [
      "Ma(e/i)ld",
      " assuming the distorted text could represent a term that includes 'm', 'a', 'e'/'i', 'l', 'd', which could be a technical term or acronym related to the context of signal enhancement"
    ],
    [
      "Made",
      " it is vaguely possible the letters could be interpreted as a poorly rendered version of the word 'made' to indicate something that has been produced or transformed"
    ]
  ],
  "edit_dis": {
    "ocr": 3,
    "top_1_guess": 5,
    "top_3_guess": 3,
    "top_1_reason": 130,
    "top_3_reason": 130
  },
  "bleu_score": {
    "ocr": 0,
    "top_1_guess": 0,
    "top_3_guess": 0,
    "top_1_reason": 0,
    "top_3_reason": 0
  },
  "Bert_sim": {
    "ocr": 0.6287573575973511,
    "top_1_guess": 0.5066036581993103,
    "top_3_guess": 0.5066036581993103,
    "top_1_reason": 0.3303162753582001,
    "top_3_reason": 0.3303162753582001
  }
}