{
  "ori_ocr_text": "CompOFA-Proxyless ofa-Proxyless",
  "ocr": "OFA-Proxyless",
  "result_list": [
    [
      "OFA-MobileNetV3",
      " likely related to the base architecture change mentioned in the caption"
    ],
    [
      "OFA-ProxylessNAS",
      " inclusion of ProxylessNAS in both captions and text suggests this might be the other curve"
    ],
    [
      "CompOFA-MobileNetV3",
      " given the pattern of naming and considering the context of CompOFA mentioned in the caption"
    ]
  ],
  "edit_dis": {
    "ocr": 18,
    "top_1_guess": 24,
    "top_3_guess": 18,
    "top_1_reason": 65,
    "top_3_reason": 65
  },
  "bleu_score": {
    "ocr": 0,
    "top_1_guess": 0,
    "top_3_guess": 0,
    "top_1_reason": 0,
    "top_3_reason": 0
  },
  "Bert_sim": {
    "ocr": 0.8406454920768738,
    "top_1_guess": 0.6006185412406921,
    "top_3_guess": 0.7331212759017944,
    "top_1_reason": 0.3442977964878082,
    "top_3_reason": 0.4644137918949127
  }
}